英語,日本語
"you are back, aren't you, harold?",あなたは戻ったのね ハロルド?
my opponent is shark.,俺の相手は シャークだ。
this is one thing in exchange for another.,引き換えだ ある事とある物の
"yeah, i'm fine.",もういいよ ごちそうさま ううん
don't come to the office anymore. don't call me either.,もう会社には来ないでくれ 電話もするな
looks beautiful.,きれいだ。
"get him out of here, because i will fucking kill him.",連れて行け 殺しそうだ わかったか?
you killed him!,殺したのか!
"okay, then who?",わぁ~! いつも すみません。 いいのよ~。
it seems a former employee...,カンパニーの元社員が
so where are they?,じゃアイツラはどこ?
"or i don't know, just...",相手を陥れるとか...
no child should ever have to endure that.,必要のない子 耐えるにしている。
"i know the visual's incongruous, but...",犯人像とは 違和感のある見た目だが
aw!,あ!
let me show you more detailed ones.,もっと詳しいの 見せますから。
you're gonna bring that up right now?,それ今持ち出すか?
"well then, when you're done work, come to the medical office.",じゃあ 仕事終わったら 医局に来てよ。
um...please go ahead and eat without me.,あの... 皆さんで 先 済ませてください。
rokka is always forever,六花ちゃんは ずっと ずっとずっと
thank you!,ほら 別に変なことじゃないでしょ?
that's a funnylooking dress.,変な子供服
the captain asked me to reexamine the dna from the bomb... to see if anyone else might have handled it.,船長から他の誰かが扱った形跡がないか dnaを再調査するように頼まれました
if the rest of the book reads as well when you're done,もし 残りも上手く書けたら
"more ravishing than ever, big sister.",以前に増して魅力的だ
"yes, that's me.",也就是说...该不会是...
because you and i are gonna be friends for a long time. you might as well know now.,長いこと友達なのに 気付かなかったのか?
and bill talbot's tracker fell off the grid five minutes ago. ...taken by a witness here. we can show you these images now.,ビルのID信号も5分前に消えたわ
he's got some blood in his mouth.,口の中に血が見える
asamoto won't last like this!,ASAMOTOは このままじゃいけないと思う。
storm!,嵐には嵐の
i see... it doesn't look easy to get in...,なるほど 簡単にゃ入れそうにねえな
"and how's that news, exactly, the two of you being in danger, after doing something idiotic?",ニュースは? 確かに 二人の危険にさらされて
they make it into a creation,ある創作をします
i'll call you in the morning.,朝、電話する
we pioneered all sorts of new,次々に新しい柔軟な勤務体系を 開発していきました
single gunshot victim.,ルーズベルト・アイランド橋で
i don't have anywhere else to go.,僕、帰る所が無いんだ
we have one for you.,今度は わしの番だ
why'd you tell?,どうして話した
there is no such thing as a curse in this world!,持っているだけで人を不幸にする呪われた本などというものは存在しないのです
"i'm sorry, but i have to ask.",悪いと思うけど 聞かなきゃいけないの
any good things to you about this.,お前たちを英雄にしたりはしない
now! throw out all the seal tickets!,今だ!ありったけの封印札を 投げつけろ!
and we are paying a cost.,その結果犠牲を払うことになります
i was given an education,教育を受け
i'm starting to feel stupid for agonizing over it.,何か 悩むんが アホらしゅうなって来たわ。
"with furcifer gone, i can put a cloaking spell on her.",俺が隠している魔法を かけることもできる
"this way, please!",帰れ! やだね。
and to the gymnosophist.,裸行者に戻ります
get out!,退散しろ!
"yeah, he wrote one.",初回に プロフィルn書かされませんでした?
"that's the expectation from demographers, going forward.",今後もこの状況は続くと人口統計学者は予想しています
you did the right thing.,良くやってくれた
he's on the run.,逃走中です
no way! seriously?!,まさかの赤ペン先生!
"no, you can't!",う... うん
"yes, sir. listen.",蛭間病院長に聞きなさい!
must have been a really great man.,ほんまの 豪傑じゃったんじゃろうねぇ。
"warehouse? ah, it's alright. really.",倉庫って。 あっ。 大丈夫。 うん。
"but if you show your face here again, i will cut you the fuck in half!",もう一度現れたら 顔を吹っ飛ばす
i got coffee.,コーヒーと
in this mansion?,何だ あれ。 あの屋敷。
the town that the bomb forgot.,忘れられた町・・・
"you got finals, your nyu application is due in what, two weeks?",nyu申請は2週間後だ
the engines have stopped.,エンジンが止まった
so i wrote a computer program a bunch of years ago,そこで何年も前にわたしはtreemakerというプログラムを書き
i want to talk to the 58 patients down here,私はこの58人の患者の話が聞いてみたい―
i'm better than ok.,それ以上にいいぜ
"here. hey, pretty stylish.",はい え~ッ オシャレ~
and anyone who can't give me those two things has no place in my life.,僕はその2つを僕に与えられない人に用はない」
she got a girlfriend who came at a girlfriend's place,彼女 わいは彼女ばおる身でこげん所挨拶に来よっとか
do not act alone.,まっすぐ自分の言葉は曲げねえ。
i have no idea who you are.,あなたの事は 見当もつかない
"ah, yoshikiyo! why?",あっ 義清ではないか。 何故?
"that anybody can edit anything, at any time",誰でも いつでも 何でも編集できるようにしたら
you and,お前も
what if that was a message from erica?,エリカからだったら? なぜ受け取らなかった?
which are the two primary factors,この2つは戦争のきっかけです
the unconscious mind does most of the work.,導いているということです
seems like he was a good man.,良い人だったらしいね
"emma, run!",エマ、走れ!
the rate of death is declining.,死亡率が低下している
"anything i can do, sir?",私は何をすれば?
they look after the engineers working on the darn.,彼らは送水口で働いているの技術者を 守ってる
i don't want my teeth pulled!,いやだ~~ 歯を抜くのはいやだ~~
the mountains of the gods.,山の神々
it is this zeele schneider that embodied it most strongly.,それを 最も強く具現化したのが この ゼーレシュナイダーだ。
see if you can clean him up a little.,象でもとるのか?
she couldn't stick that four months ago.,4カ月前には まだ出来なかったんですよ
know it well kanji drill,えッ? あの... 漢字ドリルじゃ
"i realized that not one, not one of us",しかし私は そこにいた誰一人 同様の危機に対処した
get to the car!,車に行くんだ
a method to raise the delicious melons.,美味しいメロンの育て方
do me a favor and get in the trunk yourself.,自分で トランクに入ってくれ
"really, of course the famous book dracula",ダブリン北部出身の ブラム・ストーカーが書いた
i'm the same way.,俺もだ
she dove in.?,どうなった? 川に飛び込んだ
how did you get naked? what is that!,裸は どうやった? 何なんすか それは!
i don't think so.,そうは思わないわ
probably at my parents'.,多分両親のところ
"the parents of the three young women raped by brent garvey, for example.",例えば ブレント・ガーヴィーに レイプされた 3人の少女の両親のようにね
"on the back of cereal boxes, board games. any place you use ink",シリアルの箱の裏面、ボードゲームなど インクを使うあらゆるもので
"no, but ms. thompson will.",いいえ でも トンプソンさんは多分知ってる
"well, turk did the republic arrive with my spice?",ターク、共和国はスパイスを持って来た?
say that and move forward.,先に進みたいんです
"husehld f my peples, bth at hme and verseas.",国内の あー 人々
i cannot be a swindler unless i can read people's mind.,人の心を読めなきゃ 詐欺師は務まりませんからね
she spent 15 years with the u.n.,国連での15年間は
he didn't tell you?,聞いてないの?
i've heard that too.,同じ意見
why not leave him alone?,ひとり
i am.,はl、
i see.,あぁぁ分かりました
i think she should have been with that man.,姉は その人と一緒に なるべきだったと思ってしまう
"it is now anybody with access to a $1,500 computer",1500ドルのコンピュータを使うことさえできれば、
now then... what should i do?,これは 今のうちに ちゃんと お仕置きしとかんと...。
"hey, shin'ichi...!",≪ねぇ ボウヤ≫ えっ...。
we have something stronger than the five senses,オレたちには五感を超えた 心の目がある!
they used that to get back on another boat.,船外モーターを使って 別のボートで岸に戻ったんでしょう
it's a sonata.,ソナタです。
walter's full of surprises today.,今日一番の驚きだな
leave it to me!,料理? あっ この料理なら任せなさい。
and i'll show you that in real time now,それをリアルタイムで ご覧に入れますが
you ever hear of avoidance behavior?,回避行動の話は聞いたか?
our entire lives revolve around aoi.,生活のすべてが 葵中心にまわってる。
"hey, let's go.",行くぞ
and perhaps saved nike.,ナイキを救ったのです
"ready, barry? over the top.",dh: 準備はいい バリー bf: 頭の上だな
"according to his brother, eugene was a very bright man.",ユージーンは とても聡明な男だった
where did you find that?,どこで見つけた?
the question is why?,でもなぜ貴方と パーカーを容疑者に?
instinct.,本能。
"well, there's always something we can do.",何とかなる
a fast talker.,おしゃべり
"michika, we're not talking about that now.",美知香 今 そんな話してない
ok. mount!,はい。 乗った。
"yes, please. thank you.",お願いします
i have a gift.,そういう力がある
i decided to join the ngo,ngoで働くことにしました
i'm getting there.,まあな
"that's right. so, you can either walk out of here...",その通り ここから歩いて出て行くか
i want to go play outside too.,私もお外で遊びたい
i chilled.,怒りを制御した
i will do it.,真面目にやれ
hello.,ちわ。 こんにちは。
"with various equipment, cameras and microphones",ヘルメットを着けてもらいました
great person.,素晴らしい人です
our pilot.,パイロットだ
are the people ready to proceed?,進行できますか?
my father told me a story,父が 18 世紀の時計職人の
i wonder what we are using our sword for .,何のために 太刀を振るってるのか...。
i think it gives you one.,もう1度チャンスをくれると思う
whwhat is this?!,これは...!
for visitors and humans.,ビジターと人類の
that can't be right.,そんな筈は...
cut it out. i want to stay here.,くくっ...。 う... うう...。
but i can't do that.,でもそれはできない
killing crows in their castle is tough.,城の中のカラスを殺すのは大変だが
"you, this dimwit!",この、ノロマめ!
"can't be, huh?",う~ん
"alright, good.",よし いい
what the hell is going on?,一体どうなってる?
it's my happy place.,そこは幸せな場所
look what you've done.,やだ やだ やだ。 やだ やだ。 待て~!
something radically different.,全く違う雰囲気で奏でる事によって
"all my months of planning, every move i've made.",何ヶ月もの画策や行動が
rita.,リタ
"now, i have to do this, the rest of the thing, like this.",どうにか後始末をしなきゃいけません
look. isabel kronenberger is showing here on saturday.,見てイサベルは目立つここで土曜日に
that she asked the man kurosawa to do this.,それを 自分が 黒沢って男に頼んで
i think we're done here.,じゃ 解いて
fellow delegates.,代表のみなさん
"again, relaxed?",リラックスしてください
you promise me you're coming back!,きっと戻るって
"i mean, i hope so.","1. アイ・コンタクト ""2."
"look. if i had a penis, i'd try it.",ペニスがあったら 私なら試す
all this is the cemetery.,ここは墓場だな
"no, i'm not. it was a prank, dale.",言ったな!
"our target audience, it's not just the producers of terrorism",それはテロの生産者
i didn't know what to do.,私が何をすべきかを知りませんでした。
what? what's okay?,はあ? 何が負け惜しみよ
"even when i change my clothes, i have to blindfold myself!",着替えするのだって
here...,こいつは まいったね。
i'm the one who was totally in the wrong.,悪かったのは 全部 こっちなんだし。
i don't need this shit.,何て事だ!
i i wonder...,捕まえたよ。 ほーら。 ウホホホホホホ...。
"but we have padding, and fantastic shockabsorbing things like sorbothane",しかしパッドや ソルボセインのような 素晴らしい衝撃吸収材のおかげで
"hey, doctor..",ねえ先生
still has much primitive wildlife due to its complex geography and harsh natural environment that are unsuitable for living in.,由于地形复杂 自然环境恶劣 人迹罕至
what did i tell you about knocking?,ノックについて なんて言ったかしら?
he is mariya kyosuke.,真里谷恭介。
and the sketch miyukisan drew.,それから 美由紀さんが描いた似顔絵も。
that's actually probably the most important thing to anyone who's religious,おそらく最も重要な
go on.,先へすすむための
"well, at least you didn't say i was agent 46.",エージェント46なんて 言わないでね
they got an alien k9 unit we're not aware of?,エイリアンも警察犬を? 知らなかったわ
"okay, message received, young fella. you won't get no pushback from me.",手間取らせたりはしませんよ。
in this prison,牢獄ね...。
no. ground it.,奴を逃がすな
you think?,ああ そう?
"forgive me, monsieur gustave. i never meant to betray you.",許してくれ、ムッシュー・グスタフ 決して裏切るつもりは無かった
we also have been serving you with our bones broken,我らも骨折って ご奉公したかいが あったというものにございます。
transformative act.,示唆しています
"blow something up, take someone out.",何かを吹き飛ばして 誰かを連れ出す
"and so, on the left, we were seeing 100,000 polygons.",左側では10万ものポリゴンが見えました
everything in my room was shaking,部屋のあらゆるものが揺れていました
now what... what is that noise?,何だ? あの音は?
still a great night under the stars.,素晴らしい夜だ 星の下で
"eden, i need a med unit at the 49th junction.",エデン第49ジャンクションに医学班を
you knew that already.,あなたはもうわかってるだろ。
and are responsible for much of whats gone on on our planet.,この惑星で起こる様々な物事の原因となっていました
perhaps if you had your husband call me.,. ご主人に電話を頂ければ
i've become rather concerned about,インドに対する過大評価である
"fuck, come on.",クソ
increasing evidence is that being bilingual,バイリンガルは認知能力に よい影響があるという ―
bigg bunny is never gonna find the aurelia without me.,俺が いなきゃ 宝は見つけられない
hey third generation is serious at that age.,おい 三代目様だって 大変なんだぞ あのお歳で。
"i worked really, really hard to distribute it everywhere in brazil.",本当に一生懸命になって ブラジル中で売ろうとしました
never a dull moment with you guys.,いつも退屈しないな
now the problem with this model of censorship,webサイトを特定して
"come on, people, let's get to it",♪ みんなで歌おうぜ
give me the phone.,電話貸せ 電話
don't what me!,頼む! オレを鍛えてくれ!
i special summon fallen cone!,特殊召喚!
i'm tired. later.,疲れた また後でね
he's unexpectedly serious.,あれで 案外 本気だったんだよ。
and the bank where elaine works.,それに銀行は イレインの勤務先だ
krull the warrior king.,クルール 戦士王クルール
tbl: can you say now?,ティム: 「今すぐに!」
can you stop 'em from harming him?,でも守ってやってほしいの
she's very beautiful.,きれいな人ね
"excuse me, excuse me.",おかまいなく
when you arrived at the golf course.,連絡しようと 思ってたんですけどね。
oh we meet two days in a row.,昨日の今日で また会うとはね。
"is it a bird, is it a plane?",空中では鳥や飛行機のように
to fund the whole thing,運営権を得ることにしたら どうでしょう
i need to disappear.,俺は姿を消さないと
"cut the chatter, ahsoka.",これは難しいくなるね アソーカ静にして
"detonation in 2 minutes, 30 seconds, mark.",爆発まで2分30秒
being fresh like the fresh prince,フレッシュ・プリンスのように勝手気まま
do you know my sister? yes.,姉をご存じなんですか? ええ
did the marriage meeting actually go well? it did.,うまくいったんですか? そうなんだよ
adam galloway's coming down from new york.,アダムが来る
set of stomach organs,胃でろ過して
"that this is a problem, but we've had to suffer fake fixes.",これが問題だとわかってなお 偽りの対策でごまかされていることです
"i'm taking care of her, not you.",俺が彼女の世話をしてる あなたじゃなく
until you're able to recognize me clearly.,そなたが わたしを しっかと 認識できるようになるまでだ。
"gunpowder, treason and plot!",火薬 反逆罪と陰謀
i would like to grant it if it is mr. mikage's wishes,それがミカゲさんの望みなら 私は叶えてあげたいと思う
but why won't he say anything when he almost messed up the important event?,大切なイベントをめちゃくちゃにしかけたのになぜ何も言わないんだ?
here's something good.,いいものがあるぞ
"indeed, if shiranami returns to the village, we could...",それができたなら きっと俺たちは... 仲間だ。
i can not imagine myself like that i guess i am accustomed to one person,そういう自分が想像できない ず~っと一人に慣れてるからかな
please let me eat it.,よろしく伝えといてください
the first is cyanobacteria.,まずは海や淡水湖に住む藍藻類でした
"my new idea is we could go a little bit out of the way and spend the night in vegas and still break the trip up, for the most part, but also have, like, one more day of...",違う道を通って ベガスに行くか こっちでも大丈夫
there's plot holes.,話に矛盾が
they want to know how much exercise your dog is getting.,運動量を知りたいでしょうし
probably not. probably.,たぶんそれはない
"thank you, everyone.",ありがとねー
that's good.,顔色も いいですし。
"the project's completed, right?",あの計画は 完成してたんだ
brought it to s.h.i.e.l.d.'s attention.,それで「S. H. I.
i really don't know.,知らないわ、本当に知らないの
chuck.,チャック
but maybe caputo will let you make a call later.,でもカプートに頼めばかけさせてくれるよ
"not on my watch, pal.",「どうなるか覚悟しろよ」
why would he do that?,なぜ彼が あんなマネを?
what! what!,うわあ! あっ...
thirtytwo.,32
where's the boy... the one that lives here?,ここに住んでた少年は?
you do...,はいできた
"everybody, hold on for one minute.",待ってくれ
we were farmers and they slaughtered us.,俺達は農民なのに殺した
i want to get to the truth of this.,間違いないんです。
this was actually just taken last year.,実はこの写真は去年のものです
"well, then you'll just have to finish what anne marie started.",君がアンヌ・マリーがやった罪を 終わらせてくれ
"but still gayla went on, and finally she succeeded",それでもゲイラはあきらめず とうとう ―
i can't move right now because i'm doing something really important.,今すごく大事な会議中で動けないの
we'll never make it under an hour.,1時間未満では間に合わない
it's 7cfi06x.,7cfi06xよ
"where you work, where you play.",どこで働き どこで遊んでいるかも
"what? just don't follow me around all night, okay?",俺に付いてくるなよ
"do you realise, you got laid of because of restructuring just like your father?",親子二代にわたって リストラされちゃってんだよね。
then anna gets her hands on a message that means nothing to her.,アンナには知らせない 真っ先にアンナに届けたら?
now my handkerchief too,もう! ハンカチも...。
well?,し... 失礼
"alec, i've got prints with no id.",アレク 不明な指紋があるわ
"is that, because they're mainly looking",利用者が何を最初に
the thing about perfection is that it's unknowable.,完璧かどうかは 我々が決めることじゃない
onetoamillion costbenefit ratio.,そこから百万倍の幸福を得ることはできない
where's the bomb?,爆弾はどこだ?
"agent dunham, take a look at this.",ダンハム捜査官これを
you know how the puzzle works. get us out!,あなたはパズルの仕組みがわかるのよね 私達をここから出して
where did you find him?,どこで見つけた?
"thanks, smokey.",ありがとう スモーキー
than what people pay now,小さな魚を捕まえるために
"however, even so...",でも それでも
"hey, timmy, did you know jack who worked here? mmhmm. what can you tell me about him?",ティミー ここで働いてた ジャックは知ってるか? 彼について話せる事は?
they said she has our patient registration card.,受け入れなんて 無理だ。 それが うちの診察券を➡
my injury is my fault. i'm not so weak that i have to be protected by you!,調子にのるなよ! 自分のケガは 自分のミスだ!
"attaboy, tom. you're active!",元気だな おいトム!
that's my son. bobby pena.,あれは私の息子の ボビー・ペナです
"yes, i was told about that.",ああ、そのことは聞いた
gate opening!,開門! はぁ!? 門が開きはじめた。
"wow, todd's money seems to be funding our investigation.",この研究所に提供してる 資金は役に立ってるわ
you know anything ? can you help me ?,ほかに何か知ってる?
"that's not possible, if that is the case",それはないですよ だったら無理心中事件に
of women and men,男女間に違いがあることが
you know that it is your heart.,ここが心臓
i can't disclose patient information.,患者の情報は漏らせないの
"saoirse, get down.",シアーシャ、 伏せろ。
"we stroll out, slow and steady. just like we belong.",ゆっくり前へ進んでいく.
isn't there a better way?,ちょっと 他に何かないの?いい方法
"and meanwhile, we'll take our little threemonthold baby",そして 私たちの3ヶ月のかわいい車も
am i remembering...,僕は レベル2の アーミーモスキート ブラッド・フォース3体で
"ok. it's not looking great, but we will get through this, lissa, we always do.",この状況は不利だわ
can you find a unifying language that cuts across age,年齢 収入 文化の垣根を越えて 人々を結びつける
would you please tell ?,だったら 言っていい?
what's real and what's an advertisement.,どれが広告なのか 見分けにくいことも多いですから
shared housing.,家を共有しているのに 近い感じ
"it was built, and they came.",「なせばなる」って
she could hurt somebody.,殺してしまうぞ
"well, because i just wanna leave my family a message real quick. if i could.",家族に別れのメッセージを残したいの
it would scare him straight.,怖がらせて 立ち直らせようとしたの
i understand that and i totally respect you.,リスペクトは理解している
"i'm sorry, it's just...",フェリシティ ごめんなさい ただ...
ashes to ashes...,灰から灰に
"look, i'm sorry if i made you angry.",なあ 怒らせたなら謝る
to a new age of symbiosis between our bodies,私たちの身体、我々が育てる微生物 製品そして建築物までもが
this is my resolve!,これが俺の覚悟だ!
the only problem with that scenario,病気のことは分かってる クレア
he has to live.,クリス・ホーキンスがここに住んでますね
what the ipod is to the 8track,ipodに対する8トラックであり
i'm serious.,いや~.
video games.,ビデオゲームだよ
congratulations to all of you.,皆さん おめでとうございます。
google the word 'israel.',「『イスラエル』って検索してみてよ」
how did you find them?,どうやって?
"i'm transfusing, but i would like to see a professional doctor",輸血をしてるんだ でも専門の医師に診せたい
"so this makes her the class representative, huh?",これで あいつがクラス代表か
i'm going to see to it that not a,藍染に聞いてみないことには。
we can take decisive steps to preserve our democratic institutions,このリスクを理解していれば 民主主義制度を守るための断固たる措置を取れます
somebody's circumcised. okay. listen.,とにかく 週末出勤してでも 月曜までに仕事を片付けろ
must've encountered various failures and tough times too.,いろいろな失敗や苦労が あったはずです。
i've already met four people,既に4人会ったわ
"yeah, that's pretty good. can you put some rocks in it?",ああ うまいな 氷を入れてくれないか?
please give me your hand.,手 出してください。
"i mean, don't you remember your birthday party when you were a little girl?",子どもの頃の誕生日会を 覚えてるだろ
"you know, patrick, there's a childish hopefulness about you that is really quite adorable.",ねぇ パトリック あなたって 子供っぽい希望を 持っているのね 本当に すごく可愛いわ
"is as transient, as fleeting and as temporary",過去の どのあなたとも同じように
takes him to a place... where he either makes excuses within his mind to be unaffected...,何とかして... 心が動じないよう 弁解を考える...
well maybe i'll sell it.,Moは枦诵販売しております。
you know why.,理由は分かってるだろ
"now, i'd like to begin the moe moe rockpaperscissors tournament election.",これより 萌え萌えじゃんけん大会総選挙
you are in control.,間違いなく あなたのせいなのよ
how is it?,但怎样都降不下来
there you go again. you make terrible jokes!,またまた。 冗談きついですよ。
designers talk about the relationship between form,デザイナーは形式と内容の 関係に注目します
you're dead!,逃げろ クロッ!
can we find out more about the lawyer?,この弁護士について何か判らないか?
"actually, i... really like the witch this time.",中の魔女が出てくるまでにはまだ時間があるけど
if we move before we know what tomas is up to,私達がトマスが何をしてるか 分かる前に動くなら
"today, 35 percent of americans",今日 アメリカ人の35%が
once more unto the fucking khazi.,もう一度トイレだ
level c.,レベルc
she was just exhausted.,疲れ切っていたのか
don't you find it curious?,興味深くない?
"if you text us, i want to die, or i want to kill myself",「死にたい」や「自殺したい」 とメッセージを送れば
the waterworks were... ridiculous.,涙なんか流しちゃって あほらしかった
he did appear.,明日 間違いなく ゴルゴはそこに現れる
"as we say in trinidad and tobago, who is who and what is what?",「誰が何をしたのか」をです
"she has a laceration on her leg, but other than that, she's fine.",足の裂傷だが 他にケガは無い
"god, honestly, i feel like i could clean up all day.",なんてこった
brains.,脳切開は任せてくれ
our only link is you.,唯一の繋がりはあなた
we've got files on shell corporations,幽霊会社から 押収した書類に
silence is in some way heroic?,沈黙が誰かのためになると?
"i mean, what do you do to two kids whose dad...",どうすべきだったんだろう
"don't waste your breath, warren.",ウォーレン、邪魔はするな
floating islands.,「浮遊島」
simone taylor you ruined their lives today.,サイモン・テイラー -- あなたは今日 彼らの人生を滅ぼした
"those men outside are my trusted employees, and when i learned what you intended to do...",外にいるのは 私の信頼する部下だ お前のたくらみを 知ったとき...
i got a perfect fit.,完全にフィットします
i get it.,あえて 突っ込んでいったんだ。
"all right, nicholas. second question.",良し ニコラス 2番目の質問
what is it?,計算があうのかな なんて アハハハハ。
because old and ancient as it may be,その理由は 古いかもしれませんが
"it's a very expensive hotel, okay ?",高い部屋をとったんだ
then what should we do?,じゃあ どうすりゃいいんだよ?
i don't remember ever using it...,使った記憶がござんせん。 どんな呪文なんですか?
this is boston dynamics' bigdog.,これはボストン ダイナミック のBigDogです
and indicated the identifications they had made,写真を指差して
want to test your marriage for weak spots?,結婚の弱点を試したい?
wow! these are the bodies jetfire was talking about.,ジェットファイヤーが言ってた亡骸?
my brother is in town with james.,俺の兄弟はジェームスと街にいるはずだよ
"go with her, please.",言う通りにしてください
with certain ignoble motives,生まれたとしても それが劣った行動に
i've heard the stories from those who escaped.,逃げ延びたもの達から話を聞いた
i broke that streak.,なごませたくて
way to cut up xxx insecto.,xxxのinsectoを削減する方法。
"and not at all ashamed to admit it. you'll be fine, cage.",別に恥ずかしくないさ
"chief of the watch, man battle stations!",総員戦闘配備!
i'm a lousy cook.,私は、お粗末な料理だ。
"well, you know how it is.",だが 断る
except for if you're sitting next to someone.,隣り合って座るときは別ですが
felt pretty built up.,もうすでに出来上がっていた気がします
he's on his way.,今向かってる
"not bad, kid.",やるな ぼーや
"in terms of roads and telecommunications, but also because",道路や電話回線などの インフラが無いためではなく
charley's dead.,チャーリーは死んだ
the time of destiny!,運命の時が!
"and i said, well, i've taught graduate",私は「教えていますよ
runner appears to be an ordinary citizen.,ランナーは 一般人のもようです。
please tell me where joon pyo is.,ジュンピョの居場所を教えてください
was at the health department.,公衆衛生部門だった
people bend and stuff their bodies into their own boxes.,人は体を折り曲げて 自分の箱に入るんだ
and then put it into these spectrometers,その泥を分光計にかけると
"all right, let's go, here, man;",精神異常犯罪者のための...
"now, ii can't control your device from my phone, but our target had an actual router.",この電話じゃ無理だが ターゲットには ルーターがあった
zombie movies really have similar names.,ゾンビ映画って 似たような名前ばっかだなあ
"for now, mother nature takes priority.",今は、こっちが先よ
you have to emphasize that point.,そこを強調しないと。 はい。
"no matter what you may say, i cannot do it.",外していいか?
don't lie to me. how can you not have problems.,嘘つくな お前。 んなことは ねえだろ。
"kimoto, are you okay?!",≪木元さん! 大丈夫? ≪木元さんッ
you need me.,私が必要なんです
how many patients have you killed?,今まで何人の人を殺した?
a touch of senility.,もうろくしたかな
it evidently has certain hallucinogenic properties,ある幻覚誘発剤を含んでいるそうなのです。
i could buy some... if you could perhaps... be a little kinder.,受け入れられる、もし・・・ お前がもう少し・・・ 優しくなってくれたら。
"as if in losing everything, i finally understand.",最終的に 何もかも失うと理解してます
i've heard it a hundred times today.,学校でウワサになっててさ 今日 百回は聞かれたよ。
damn.,くそっ
"look, ii don't know what they did to you at that insurance job, but it made you sour, and women do not like sour.",ねえ 彼らが何をしたか知らない 保険業務で だが あなたは気難しい
i'm sorry. just i'm so worried.,すまない ただ...
"yes, correct.",いいぞ その通りだ
"yes. oh, my god. are you serious?",そう 君は あー 「ジェスは頑張り屋 -
call for help and you'll live.,助けを呼べば生きられる
so with h1n1,H1N1のケースでは
we'll be right back.,すぐ戻ります
"'but when i look back from a distance, 'the house is like a boat on the sea.'",それが海上の船に見える
negative on the four sentries.,4人の衛兵はいない
the destruction of their selves,彼らは想像もできないやり方で
you're always welcome.,歓迎するから
you put a police officer in the hospital.,あんた達は警官を 病院送りにしたのよ
what'sherface talked to the caretaker 'bout it.,そいつが管理人に話をつけてくれたんだ
we could hang some more tin cans.,もっと警報用の缶を 仕掛けることが出来た
what's happening?,何が起きてるの?
what's in front of you...,たまには ルコン街の ばあちゃんのとこにも
"once intubated, that baby is just waiting for death.",後は 死ぬの ただ 待つだけだもんな》
we're also developing the regulatory infrastructure and legal framework,市場の仕組み全体が作用するための
"bye, guys.",それじゃ。
you give me a call?,俺に電話する?
"my point is, i think we should get unstuck",私が言いたいのは 人々のニーズに応えるには
i heard about karen don't.,カレンのことは聞いた・・・ - もういい
there is no need to remake it.,曲は完璧なんだよ。 作り直す必要なんかねえよ。
including you.,あなたも含めてね
this place has nothing to do with hope.,ここには希望がないのよ
but these boiled brains of nineteen and twoandtwenty,19や22の煮え立つ脳以外に
when people say things like that.,そういう言葉は すぐには 信じないようにしているのです
yeah. always was.,ええ そうだったわ
something doesn't fit. we have to go there.,何か変だ 行かないと
girl...,小娘...
"incidentally, they're all",ちなみに あれ全部
"you, jesse and me.",ジェシー 聞きなさい
ayukawa sensei was frightened by the presence of a suspicious individual.,鮎川先生は 不審な人物の影に 怯えていたんです。
because there's someone who is precious to him...,なぜなら 彼は 自分が大切に思ってる人の
and that's how i met kuriyama mirai.,僕と栗山未来は出会った
you should also know about mahoroba.,まほろばの件は 君も よく知っているはずだ
"so, a big question that we're facing now",私達は長年にわたり 大きな問題に直面しています
i see. you wanted to come to this cafe.,そうか この喫茶店に来たかったのか
will your mind was on fire.,...あなたの心はおかしくなってたのよ。 あなたは自分がすることを コントロールできなかった。
why not?,えっ それは駄目だよ! 何で?
can you override the door?,ドアを再プログラミングできるか?
and where most people are strangers to each other,住人は ほとんどが見知らぬ同士で
"well, we believe it's the result",信じられん 週に二回もだぞ
bullshit.,大嘘を
we've been waiting for you.,あんたが来るのを待っていたよ。
carefully.,気を付けて
it brought a lot of attention to all those iranians,基本的人権のために立ち上がり
but you don't know the title?,でも、それがなんてタイトルかわからないってことか
this is urbanspoon. you're in a city. it knows from gps where you're standing.,これはアーバンスプーンといって 街にいるときgpsであなたの現在地を特定します
i spent the night with her.,一夜を過ごしたが
"now, my view of what the current status",さて 火星の生命の可能性について
this is an emergency!,緊急事態です!
an andorian warship... rescued the crew.,アンドリアの戦闘機がクルーを救出した
dreaming of the ideal utopia,你想把它建立在那么多的人的牺牲之上吗
"the moon is just a chip shot away, brother, heh.",ツキが回ってきたぜ
skip... that's your christian name?,スキップ... これが君の洗礼名なのか?
and the best way to do that is with,キャンディをお配りすれば
can you find him?,その男を捕まえられるか?
it's how it has to end.,そうやって終わらせるんだ
"you know, we can fight this thing much faster if we work together.",もっと速く 戦う事ができるわ 一緒にやるなら
"ooooh, 38 and 55 fall out of bounds!",おおっと 38番と55番がコースアウト!
you tried to help her.,彼女を助けようとしたが
"aunt satoko, thank you.",聡子おばちゃん ありがと
come on.,居てくれ
i do what red john tells me to do.,私は レッド・ジョンに 言われたことをするの
"yeah, nearly.",でも 殺されてない
i don't recall edward bates being any too certain about the legality of my proclamation.,ベイツは公布が法的に有効だと 思ってなかったが
what kind of a nerve is a motoric nerve?,運動神経ってドコの神経?
you're the 500th rider today!,あなた様が 本日500人目の 搭乗者で~す
come on. you think you can walk?,立って 歩ける?
i was the fortunate one.,私も幸せだった
"logical, universal, factual",論理的、全体的、事実的であり
and i chose the language of silhouette,また私がシルエットという表現法を選んだのは
"heather, can i open this one? yeah.",ねぇ ここ開けていい?
being a platinum member doesn't entitle you to sexually harass our staff.,プラチナメンバーですから 補償を求めることはできません 性的嫌がらせをしたんですよ
"and it was so delicious, i thought about making it for everyone...",あんまり美味しかったから、 皆に食べさせてあげようと思って、レシピ聞いてきたんだ
there is evidence of several people touching up the bear and suitcase.,ぬいぐるみにも鞄にも、 複数の人間が手入れをしてくれた形跡がある
is that it?,面白いわ
"so, i was a little busy because i was looking into those cases.",そういう案件を調べていまして 少々忙しかったです
would put my future at risk.,自分の将来 どうなんのかなって。
normal magic won't be enough against him!,普通魔术无法与他匹敌
and you've made it.,特別製だ
and just remember to state your name and the date before you start.,それと・・始める前に 氏名と日付を忘れずに
i can't even hold a pair of tooth pliers.,もう歯を抜くペンチを 持つことも出来ない
i'm okay.,平気
who died on the crew? the two flight attendants...,乗員の誰が亡くなったんですか?
"shusakusan, i brought you the notebook you asked for.",周作さん 頼まれた帳面 持ってまいりました。
i don't think that's true.,そんな事はない。
i'm sorry i'm late.,遅れてごめんなさい
return to the classroom for a year soon! is that ... so?,早く 1年の教室に帰ろ!そ... そうすか
cheers!,乾杯。
angel.,エンジェル。
what the hell was that?!,丸米族が使用した といわれる 地獄のウイルス兵器。
"who's bill? oh, the security guard.",ビルとは? - あぁ 警備員です
"one citation, one...",一人召喚。
i think you've made your way in the world by concealing your true feelings under a mask of positivity and niceness.,あなたは 明るさと優しさの仮面の下に 自分の本当の気持ちを隠すことによって 成功してきたと思っている
that he can tell the elephant what to do,像にするべき事を伝えられると考えています
"when they can't strike, they become really obnoxious and awful",時期までは 酷くて 不愉快な動物になります
"we're not really going all the way to california with this murphy guy, are we?",本当にカリフォルニアに行くの? あのマーフィーという男と?
nuclear material to his enemies.,ハッサン大統領の暗殺と彼の敵への 核物質の供給の背後に居ました
i'm not your....,僕は君らの...
fromeveryonewhohas knowledge of this event.,評議会から要請があった
what is head blunt exercise?,頭ブンブン運動って何?
"no, well, if we want to talk ok, i've been doing my little minisurvey.",ビリー: そうですね 私もちょっとした ミニ調査をしているんですが
"lily, what are you doin' in here?",リリー ここで何をしてる?
i agree. shhh!,まあ そうですね。 シッ!
"sorry, baby.",ごめんよ
"and you get all the good stuff, okay, let's just go.",おいしいドッグフードもある
and if i refuse?,私が拒絶したら?
"ah, well, i heard everyone was coming here to have a drink so",ああ いや 杉山君に みんなが ここで飲んでるって聞いてね
"ah, you fool! the artificial humans are there!",うわー! ああ...。➡
in the future earth i lived in,私が生きた 未来の地球にも
you jumped off the building as urara watched,うららちゃんの目の前で ビルから 飛び降りようとするところに➡
it sounds like shit.,いい訳ないだろ!
stop talking like that.,やめなさい!
how do we find it?,どこにあるの?
they're just going to get taken over by freeriders,ただ乗り連中に占領されることになる、というものでした。
let's do it. this is the second time,ラローシュ捜査官の家に
i'd appreciate it if you didn't.,しないわよね?
"jackson no, i thought it would be fine if it was hedin",ジャクソン・・・いや ヘジンだったら大丈夫だと思ったんです
"that is all about execution, all about the howto.",すべて実行次第です やり方次第です
i saw it every time we went out.,出かける度に 2人を見てたから
"thank you, sir.",よろしくお願いしますね
prick!,ゲス野朗!
i hope you can satisfy me!,満足させてもらおうか!
seem like things are getting personal?,物事が個人的になってる 様に思えないか?
"not recently, though.",だけど 最近ではない
"and if what you're hiding somehow hurts them in any way, i'll kill you.",もし何かを隠してて危険に晒すようなら... 殺す
"yeah, our families could be in danger for all we know.",俺達が気づいたから 家族が危険にさらされる
"images like the ones i've shown you, even just",私が見せたような画像 さらには
what? you lose a bet or something? i mean.... you are...,マズったんじゃないの?
"some how, i knew you wouldn't leave.",どう言うわけか 君が死なないと分かってた 一面を飾ってる
belongs to frederick ross.,その人物は フレデリック・ロス
i can't accept that. no.,それは受け入れられない ダメ
what is that?,お気に入りなのですね。 それが。
the tang is nearly the full width of the blade.,かなごは刃と十分な距離があります
first serving is delicious,チョコレートケーキの 最初の一切れはおいしいです
youre just too blind to see it now.,そのうち あたしを捨てるんだ
i thought they were like a myth.,それは伝説だと思った
the mifulu represent a fascinating example of failed culture.,・・・絶滅した古代文化の中でも マフル族は興味深い例です
before the age of 18.,結婚すべきでないと言ったのです
we're going home.,いいから 帰るの
and i see you're tired from chasing someone else's dreams.,他の者の夢を追うことに 疲れたんだろう
no ambo!,キュキュに乗らない
it leads to the emerald city!,エメラルドシティに続いてる
because this is exactly how i pictured it.,なぜならこれは私が描いた 筋書き通りだからよ
"like once a year, every year, people just kind of... celebrate you, i guess.","一年に一回, 毎年, みんな... 祝ってくれるんだ."
well at any given moment in time,どんな時でも
bundle up the message. send the same message to everybody.,メッセージを一緒くたにし 全員に同じものを送るということです
"hey, sorry i'm late.",すみません 遅れました
against who?,誰に対して?
and my body's clean,♪それで体を洗う...
which makes 50 gallons per acre per year,バイオ燃料を生産できます
that's the catch.,それはあれだ 引っかけだろうよ
"it was you, jules.",あれは あなたよ ジュールズ
"director, it can be seen in your eyes. honestly..",部長は 目をかけていらっしゃる みたいですけど
you punched the highlights out of her hair.,パンチしたな 髪の明るいとこに... パンチした!
colonel broyles' show me was just swiped at liberty island.,ショウ・ミーがリバティ島で
that people have been waiting their whole lives to be asked.,待たれているような質問があるのです
are you alright... are you okay?,方法あなた(マイケル)です?
"by the way, isn't ms. chief editor coming?",そういえば 編集長さんは来ないんですか?➡
"oh, yeah, hi!",あら どうも
"so, i went back to the computer, and i bought five large fries",そこで私はコンピューターに戻って、ラージサイズのフレンチフライを5箱購入し、
"drink up, you could use a little courage right now.",飲め 度胸が出る
catch your breath!,崩潰了的我 屏住呼吸
20 hours have already passed since his first call.,犯人の最初の電話から 既に20時間以上 過ぎてる
"that's alright. i have my, you know, waiting in the room upstairs.",いいよ 上の部屋で コレが待ってるから
"okay, okay, okay, okay... hands where i can see them!",おっ、おっ、おっ! - 手を見えるところに!
"i'm back, it's getting bigger now",ただいま あらあら、本当に大きくなって
wouldn't that be happiness ?,幸せですね。
notice that the two holes are perpendicular to,二つの穴が垂直に交わっていると思われるでしょう
kisukesan is out buying merchandise.,喜助さんは 買い出しでいません。
"madison, why are you here?",マディソン なに?
wilson!,ウィルソン?
and they are my biggest inspirations.,彼らが一番私を勇気づけてくれています
"and that's how we think of it, isn't it?",そういうものだとみんな思っています
"in some places, black cats are considered to be bad luck",あるところでは 幸福を招くものとされています。
it looks like i need to take revenge against them.,《やっぱり やつらに復讐 しなくてはいけない。
are you kidding me?,素晴らしい人物だ
that's all i can remember.,そのくらいしか
"oh, i've waited an eternity for a man of yur strength, yur gifts, yur will.",お前のような強い男を 永遠に待っていた 暗闇に値する才能
"two years, i was ostracized, i was stigmatized, i was isolated",2年間、わたしは村八分にされ、烙印を押され、孤立させられました
it's really cool.,ほんと涼しいよ
"come on in, guys.",入って
"clear that desk! hurry, quickly please!",机 どかして! 早く 急いでください。
my wife.,僕の妻
but how can i?,けど 約束は信じられるのか...。
i'55am every morning.,毎朝 4時55分には家を出る。
a misunderstanding... spare me of your excuses!,誤解...。 言い訳なんか聞きたくねえよ!
would someone who says that,そんなご主人が
"and in the end, you go off to some dangerous place... it really puts me at a loss for words!",挙句の果てに危険な場所に行って。
that's my seat!,そこは俺の指定席なんだよ!
have you ever taught anybody?,誰かに教えた?
lassie! get help!!,「ラッシー!誰か呼んで!!」
"back in 1995, 74 shuttle flight",1995年 74回目の飛行でも
are you hiding something alec?,隠し事はない アレク?
you're not going to...,うーん。 それも しかたないだろう。
at the door,最後まで 立派な 武士だったぞ。
i do.,いるんでしょ
"most important, we all really need to listen to each other",最も重要なのは お互いに耳を傾けることで
"where are you, son?",どこにいる?
and a life.,生気もね
what were you doing at six in the morning?,君は 朝の6時に何をやってた?
if we break the west maiden's seal,日死の巫女の封印を解けば
it may even already be over.,もうネタ切れだけどな
one of them's our old friend hobbes.,一人は古株のホッブズ
"hey, don't mention that name here.",ねえ。 そんな名前 うちで出すの やめてよ。
i'll get you some rabbits.,お礼にウサギを獲ってくる
calm down!,落ち着いたですか
she said thank you for everything.,お世話になりましたって
what happened?,その後何があったの
"but somewhere in the world people said, we don't have this problem",自分たちには完璧な教師と学校があるから
let's leave yao to you.,では 八尾のことは お前に任せるぞ。
i went to buy soup. you said that was okay.,クッパを買いに行ったんだ クッパを買いに行くのはいいと言っただろ?
find the ones who haven't given up.,あきらめない人を探してくれ
"oh, don't take it personally.",個人的な話だと思わないでくれ
i'll tell you what i'm gonna do.,姪が資格を得たので ここで部屋つき助手で雇っています
he's way more like a yakuza than any of our yakuzas!,つーかむしろヤクザよりも凄みが
"two: well, maybe it exists, but it's really something else.",2「意識は在るかもしれないが 何か別のものである ―
"in fact, one woman has been get the special attention of the president of public relations",実は社長 1人のキャストに 異常なほど入れ込んでるんです
"head shot, roy.",頭だ ロイ
he's suspected of attempted assault.,暴行未遂容疑だ。
till the next one. he'll be next.,また話そう またな...
and this is what we're doing,医療を改善することにより、
"please, agent gardner, let me see what i can do.",ガードナー捜査官 少し考えさせて
doesn't have a specific color.,特定の色を持たない
they also recalled how some paths smelled and sounded.,人はまた場所特有の 匂いや音も記憶しています
"eh, not even by school excursion??",修学旅行でも来たことないんですか?
"quinn, did you get that?",画像が見える?
simply by holding a pair of headphones onto them.,icdの機能に影響があるというものでした
"and i told him, i will make you a teacher.",私は言いました 「私があなたを先生にするんです」
i went out and bought the tickets you asked for.,頼まれてた切符 買ってきたよ
why would you?,気は確か? 今夜 ? なぜ?
but the reality is that the challenges that scott faced,我々が実際に体験した現実は
"more than that, kaibara's crib notes, have you studied it well?",それより 貝原のアンチョコは よく頭に叩き込んだか?
to take the castle.,城を手にするためだ
couldn't you have just taken the stones?,ダイアだけ盗めば 良かったじゃないか
i recently read a book called love leadership by john hope bryant.,最近「愛のリーダーシップ」という本を読みました
i abandoned my baby.,自分の子供を
didactic violin pedagogy.,壊してしまうと思いました
"but you see, the human touch, you see, it's disappearing.",だが確実に 人間同士のふれあいは 失われつつある
a dj vu is usually a glitch in the matrix when they change something.,マトリックスに変化が加えられると デジャヴがあらわれるの
let me see that.,あんたは 端で 俺の活躍を見るうち
battle with salamander and leopard in five!,ササラマンダーと レパードとの戦闘だ!
the two of you had a lot to say to each other the night he received his subpoena to appear before the grand jury.,大陪審への出廷要請の召喚状を 彼が受け取った夜 あなた達2人は かなり話をすることが あったようね
my friends did not show up.,友人は姿を現しませんでした
appears hannibal lecter killed him in florence.,フィレンツェでハンニバル・レクターが彼を殺したようだ。
it was the 1970s.,1970年代のことです
we then take this vascular structure,そしてこの血管組織を取り出し
"it doesn't look like much, but when it links up with the rest of its pals...",マッチみたいだけど たくさん集まると
these amplifying feedbacks will occur,私たちは正確には分からないですが
it is soul society.,ソウル・ソサエティで 王鍵を創るほうが好都合だ。
are you serious?,今回はタダだよ 本当に?
hold on. hold on.,待て 待て
"sacchan, lets quit together!",私も辞めます! サッちゃんも一緒に辞めよう!
so when you hear this sound,この音が聞こえると
i'm going right back to sleep.,また寝るね
there are enough people,マリアちゃんのことを 写真に撮ろうとする人
honto koji good luck congratulations,ホント 浩二 よく頑張った おめでとう
how's school?,何を 学んでる?
let's figure out why this is happening to you.,さて君の身体の原因究明だ
no military action will be allowed without my approval.,「今後 俺の許可なしには いかなる軍事行動も認めない」
there's a lot of moving parts.,君の意見は
"don't you dare run away, misa!",逃げるのか ミサ姉!
is this sash tie a diamond?,この帯留め ダイヤモンドですね。
it's a disaster! that's not a language.,最悪ですよ! あれは言葉ではないです
"what will i do, i wonder?",バッ んな都合よく行くかよ
hey. how was your talk with gale?,ゲイルと話して どうだった?
"mom, no.",いらない
there are cameras everywhere.,カメラがあちこちにあるわ
"anything scientific, ash has the final word.",あの類いのことは 彼の担当だろう
that was...,悪かった
i am so sorry.,ごめんなさい. 手伝う?
i was there to report on that story,僕はこのストーリーについてのリポートを
she committed suicide three months later.,3ヶ月後 母親は自殺してます
"yeah, i'm a little curious.",でも ちょっと興味あるな
that's a nice doll. what's his name?,素敵な人形ね 名前は?
i'm sorry. is there a gray area here? let me dispel it.,この際白黒はっきりさせておきましょ
are you denying what i say?,否定する わたしはあんたのその言葉を否定する
richard said i was going to die.,リチャードが私は死ぬと
"canal street, i know.",キャナル・ストリートにも
you don't have to do this.,これ以上やる必要はないわ
i'll go and change the water.,水そろそろ替えてきますね
"wow. william, it's a real honor to have you at the ted conference.",すごい ウィリアム、君がtedカンファレンスに来てくれたのはとても名誉なことだよ
"whoever uploaded this video also geotagged it, giving away the exact location of where this interaction took place.",誰かがビデオを アップロードして 居場所がわかって しまったみたい
it's over.,サクラちゃんのカタキだよ!
"at the end of the session, you walk away with a copy of the interview",インタビューが終わると 録音のコピーをもらえます
at least it didn't affect your appetite. geez.,少なくとも食欲には 影響しなかった
"most likely, he's a nobody.",言って見れば 取るに足らない奴さ
"you could have analysts, business analysts",私たちのような一般消費者やNGOが
"so, is this your workplace?",で こちらは 仕事場ですか?
these lawyers holding out these little nuggets of hope.,かすかな希望に 手を差し出す弁護士か
"okay, now the question is really",わかりました さて、問題は
it's about your first wife.,フランス? うん。
blade of justice chases you forever! draw!,正義の刃は どこまでも お前を追う! ドロー!
several of his parolees that got sent back inside complained about him setting them up.,刑務所に戻された仮釈放者の 何人かは 彼に不満を持っている
"now, now, calm down oneesama.",まあ まあ 御姉様 落ち着いて
"pretty good, right?",そしてまだ戻ってきてない。
i'm sorry!,すみませんね
"much, much more than this.",ずっとすごいものになると 予見していたことです
what is michael's real last name anyway?,ねえ、マイケルの苗字は?
and it has free market capitalism,アメリカの自由市場資本主義は
"come on, come on.",さあ さあ
close your eyes and walk straight,私の目を閉じ-while?あなたの目-close - はい
because the company town of tatanagar drew laborers,タタの町にある企業が労働者を呼び込み
"that's why you're the doctor, doctor.",ドクター あなたがいる理由はそれです
"i mean, i'm talking about since the caveman times. uh, the egyptians, the wright brothers.",穴蔵時代からライト兄弟...
help me make a cute cat.,先輩作ってるの可愛い
"with sue savagerumbaugh and kanzi, panbanisha",スー・サベージ・ランボーとカンジとパンバニーシャ
"i'm sure. if they knew more about you, their opinion would change.",君の事を知れば みんなも興奮するさ
"and writingrelated needs just come in, it's all free.",ご自由にお入りください 全て無料」
"you seem half mad, dear.",あなた少し変よ
i don't know how. neither do i.,‐分からないんだ方法が ‐私だってそうよ
"but first, i need you to phone susan.",まずスーザンに電話して
she was out really late shopping you know.,彼女 夜遅く 買い物をしてるんですよ。
where's the melody?,そのメロディーは 何処に居る?
"oh, big mistake, bringing a flamethrower to a gunfight.",大間違いだぞ 銃撃戦に 火炎放射器とはな
that's george the greek. check your most wanted list.,ジョージ・グリークだ 重要指名手配リストを確認してくれ
i feel like i've been tossed from a moving car.,走ってる車から 投げ出されたような気分だわ
are you okay? hey!,なぜ 鼻血を? 大丈夫? ねえ。
"they break in your gate, shooting a 9mm within proximity of your dog and you're unconscious.",彼らは門を破った 犬の近くで撃った 君は意識不明だった
hannibal told me where to find him.,ハンニバルは僕に どこで奴と会えるか教えたんだ。
nobody said you were.,誰もそんな事言ってない
youre different.,あんた個人なら 別だ
i love zombies,ゾンビのお前も愛してやれる
now it's very unlikely the first things you're going to see are like robots.,最初からロボットみたいなものが創作される可能性は低いでしょう
stop it!,ズタボロにして
take all weapons offline.,全の武器をオフラインにしろ
"hey, index.",インデックス
"listen, it's gonna sound crazy, but here's what you have to do.",気が狂ったと 思うかもしれないが それしかない
the fact that it all happened in one day.,一日でそんだけ起こったことよ
"hey, isaki! whatre you doing?! let go!",こら! 伊崎 何やってんだ! 離せ!
"no, he's good. he's good.",いや 彼なら大丈夫 大丈夫だ
of course not!,テメエの卍解を!
what did you think of that? adler?,どんな 気分?
that's a good idea. all right,良い考えね
and construct overlay network with these two monsters!,1体のモンスターで オーバーレイネットワークを再構築。
that was sudden.,那么 虽然很突然
is that it?!,あれは...。
"actually, i'd rather that you didn't leave the city.",この街から出て欲しくないですね
"we'll go downstairs and get some later, okay?",後で取りに行こう
everyone thinks they know what happened between us.,あの時、何が起こったかなんて...
what about the security cameras on the roads?,道路の防犯カメラは?
everyone is turning crazy. sherri and charlie just turned.,皆が狂ってる シェリーとチャーリーも
i mean the flowers... those flowers!,花を取りやがった
"which said, when you do an experiment",実験をしたら 結果だけでなく
"we're doing the best we can, catherine.",できる事はやってる
"hey, stop! look!",これなに?
he wasn't the only one.,なにも あいつだけが特別やない
i told you i had to go down to the car.,車に忘れ物と言ったろ
"look, i was a screwedup kid.",私は 若い時 精神的に問題を抱えていてね
"so too, do little embellishments in the crochet code",同様に わずかなひねりが
"to produce betacarotene, which is the precursor of vitamin a.",このコメはビタミンaの前駆体である β-カロテンをつくります
what's he doing all of a sudden?,何やろ あの人急に
"yeah, it can do that to you.",分かります
is there a volunteer ?,いらっしゃいますか?
location is officially noted.,所在地は確認した
"patrick,thetimeisnow.",パトリック 時間が来た
our prosecutor tak has the best ability,タク検事は実力は最高なのに
"so please, let us go",♪だからお願い このまま行かせてね
was that bag.,そのカバンぐらいだったので。
are you nervous?,もしかして緊張してる
my future?,私の将来?
i googled. they're divorce lawyers.,ググったら 離婚専門だった
abandoned building on the upper east side.,アッパー イーストサイド地区の 廃墟ビル
"uh, can we get a minute, people, please?",みんな 失礼するわよ
"i was actually out clubbing, and i figured, what the hell?",本当はクラブに行った帰りに見つけちゃったのよ
i was looking at the latest projection,最新の予想を見ていたのですが
i don't mind your blasphemy!,それは神への冒涜だ!
yeah. i'm also done here.,あん?
the faster pickers get more pods and the slower pickers get few.,早い作業員はより多く容器を取りますが 遅い作業員は少なく容器を取ります
that should be the same for kuchikisan.,1月の猶予期間をとります。 それは朽木さんの場合も同じはず。
if this opponunity could lead to a subtle change...,これをきっかけに 微妙な変化が起これば!
what are you talking about?,何の事をいってるんだ?
"what's up, homie?",相棒、アップは何ですか?
there's no doubt komada is the culprit.,やっぱり犯人は駒田に間違いない。
where did she go?,あいつ どこ行ったんだ
how could i eat your cooking?,お前が料理した物が食えるか!
absolutely not.,まさか 違うわ
look closely,よーく見ると
that initiative's not like you.,らしくない熱血だな
so does that mean you're married?,貴方は結婚しているの?
"i fell asleep at some point, and my head hurt when i woke up.",起きたら 頭が痛かったし
"but, using initials is something of a convention of our mutual hobby.",イニシャルを使うことが 僕らの趣味の上での 会話のやり方なんだ
no matter how i look at it,わかんねえだろうが。 これは どう見ても➡
would you like a complete destruction now? destruction in progress.,完全な破壊をお望みですか?
it's biting!,噛まれた!
what are you gabbing about?,何だず 何だず うるせえず うるせえず
this ... do you hold the hand of murder,この この ひ...人殺しの手を あなたが握ってくれるの
"that don't have a clear pitch, like these.",次のように 音程が不鮮明な音を聞いた時です
"we were playing a game where you seem to think you know what's going on, and that's supposed to have some kind of effect on me.",私たちは、あなたが考えているようなゲーム をしていた 、それは、 私への影響のいくつかの種類を持っていることになっている あなたは、何が起こっているか知っています。
and you get given the option,選択肢が与えられます
"please, no!",頼む やめろ!
so why did you choose that face?,だ...だからって 何でその顔なんだよ
does he want to come?,一緒に行くかな?
"the bulb, it burn out.",電球は燃えてしまった
"you know, we got a dead end on the relations and, uh, what else is there?",人間関係は行き詰まった どうする?
"and you know, there's a new version of windows coming out this fall.",この秋にwindowsの新バージョンが出てきますが
crazy rumors aren't gonna help anyone...,正気でない噂は みんなを不安にさせるだけです
"uh, in the office, i think. yes.",ええ オフィスにあると思う
"credit cards, driver's license, they're all mine.",クレジットカード 免許書 全て俺のものだ
they fall together,堕落する時も一緒
"and we could, in fact, scan him in real time",実際に彼がエクマンのfacsシステムになぞって
archer...,アーチャー...
but he says that he has yet to experience someone,彼曰く 自身の身体の脆さとその優美さを
then we should be ready to open in two or three months.,でも 開校まで あと2か月は かかるらしいの。
i know you.,お前 知ってるぞ
you guys have to come visit us too. the house is so beautiful.,うちにも来て下さい すてきな家だから
it's essentially a general purpose computing device,それは基本的には 汎用計算装置で
"general, there is no sign of my father.",将軍、父から連絡がありません
and send in forensics.,鑑識を入れろ
these are the couples that don't let anything go unnoticed,これらのカップルは 何事も 気づかないふりはせず
it does something intrinsic to the act.,行動に固有の何かが作用します
"it was a rabbit, i think.",たぶんウサギよ
gaius?,ガイアス?
"if you really cared about him, you would turn yourself in, because that is the only way out of this.",本気で彼を想うなら 自首してよ この状況から抜け出すには それしか道は 無いんだから
"and that's too bad, because we're very good at charity.",でも あいにく僕たちはチャリティーが得意なんだ
it actually has to pitch and adjust the altitude,上下に動いて 高度を調整することで
you must want me to stay for a reason.,君には僕が必要だ
sure. what about this?,これはどうする?
but is this really alright? to hide such a big matter.,でも いいんですか? こんな事 隠したままで。
"now, on the subject of not so nice.",この人もイマイチだろうな
"it was a little bit hairy for a while, but now he's okay.",ちょっと心配だったけど 今は大丈夫よ
"no, i didn't. i can't read minds.",わからないわ 私は心を読めないの
is the gozen done?,≪御膳 上がるで おわん 行ける?≫
along with about 25 other teachers.,ブリティッシュ・カウンシルに雇われていました。
just cos they didn't ask today doesn't mean they'll just forget about it.,警察が無かったことにしてくれるとは 限らないぞ
she's having a blast in oslo.,オスロでパーティーとか コンサートとか
that only coal and nuclear plants can keep the lights on,「365日24時間発電可能なのは 火力発電と原子力発電だけである」
detective bell.,ベル刑事!
only that we don't have any right now.,今停電していることぐらいは。
a nobody!,誰でも!
"for me, this became incredibly important.",私の主要なテーマとなりました
"i formed a theory, and i'm going to share it now",私の考えた理論を
"i'm not going to dive into them either, but photosynths are integrated into the map.",深入りはしませんがPhotosynthのデータを地図に埋め込むものです。
nothing.,当然在外表上是不会发现的
you don't know?,何がわかる?
you got a sharp knife?,良く切れるナイフあるかい?
"the clock ticking on this,people.",時は金なりだぞ
you're a liar! you would have told me before now.,金はどこだ?
i'm free.,暇
but you need to listen to me.,でも聞いてくれ
are you thirsty?,いいえ、ありがとう
can you hear me?,ちょっと すみません
"please, follow me.",付いて来て下さい
how it is for a righthanded chef i don't relly know becasue i havent tried it,右利きの板前が切ったように 盛り付けやなアカンのや。
everyone should have advised that! come on ....,誰もが そう忠告したはずだ! くっ...。
"hinata, why are?",白眼の血継限界を持つ 日向宗家...。
"no, actually.",イヤだね
i should just crush them all.,アイツら全員 ミキサーにでもかけるべきだな
like picking up sticks? brush! sticks and leaves and pieces of bushes and stuff.,枝拾いとか草むしりよ ゴミ拾いも
"not yet, but the subject is historical statistical analysis of bone deformations and their relationship to disease prevention.",病気の予防に関する 骨の変形の統計分析だよ 覚えてるわ
are we tracking them? we can't.,交差点まで追跡しました
"but for me, it's the lowest level that my parents still find acceptable.",うちの親が許す最低レベル。
i hope it's not a problem.,大したことないですわ
"we have already caught the intruder, so there is no problem.",もう侵入者は捕まえたから 問題ない
"but these laws, when applied to people living with hiv",しかし こうした法律を HIV感染者に適用することは
there's no way i could leave it at that.,それで済ますわけには いかないな。
hee. how rare.,へえー。 珍しい。
oops.,あ...
i am fortunate to have found you.,あなたに出会えて良かったわ
then get up here!,次にここに立ち上がる!
what have i done?,俺はなんて事を...
"well, excuse me!",まあな
"no, we cannot lose.",孫だけではない。
here's the finishing touch!,仕上がりは こうだ!
talk about a sweet beginning.,新しい人生が始まります
"well, pull the camouflage lever!",偽装レーバーを引くんじゃ!
what were you thinking?,推开记忆的窗 多想倾听那声音
we're not going to nala se with whatever you find.,ナラ・セに会わなければよい 証拠を見つけても
the big show... is this.,ビッグショー これは
which was then under u.n. administration.,当時コソボは国連の管理下におかれていました
i didn't understand. ii didn't... i didn't...,分からなかった 私には
no. he never shares. he looked preoccupied.,いえ 上の空のようで
excuse me for a minute.,失礼、少し時間を
you are joking... right?,君は冗談を言っているのか... ? - いいえ
everybody says that.,教育の重要性は誰もが認めています
"you all right, captain?",大丈夫ですか?
and the rent is also being raised.,家賃も上がったし
"excuse me, i didn't know. all right?",知らなかったよ
mexico has cancer.,メキシコはガンにかかっています。
shut up! give it back!,うるせーな 返せよッ
"okay, guys. thanks.",ありがとう
"dark, smoldering.",影のある...
you've got to be kidding...,嘘だろ...
"well, i have to",いやあー
"my life, everything is imitation...",自分の人生が... 自分の すべてが 偽物だって
"and we gave him the bali of plastic bags speech, and being a very nice man",バリのレジ袋について スピーチしたら 彼はとてもいい人で
it exploded inside of me,陣の内部に 大爆発を起こす。
we have had one of those in america,アメリカには 戦後ずっと
"just fuckin' can't get used to it in my head, you know?",想像すら出来なかったよ アンタは?
control cards and so on.,お見せします
i remember.,彼女はここにいるはずだ
that's the same fellow what give us a prospecting permit? a what?,許可証をくれたのと同じ奴か?
if you think that it is the same with a byte even after the investigation,捜査のついでに バイトでも しようかな~と思ったら
"i told marty about them, you know, down the line.",マーティには話した
to fly on helicopters with microphones,かつての戦友に向けて
or you do microprism arrays,ランニングシューズの反射テープのような
what is the purpose of teme ...?,テメエの目的は なんだ...?
and saved by another.,サムが私の命を救った
nothing's set in stone.,まだ何も決まってないから
you know where you hope this train will take you but you can't know for sure.,望めば連れて行ってくれるけど それがどこかはわからない!
i'll lead them away and come right back.,奴らを撒いて戻ってくるわ
is a small story,特に最初の1年間は小規模でした
jane made a lot of red john connections here.,ジェーンは あそこに大量の レッド・ジョン関連の情報を 持ってました
close your arm around him tighter.,もっと しっかり 脇 締めて。
i'd be happy if it was you,むしろ お前だったら 喜ばしいんだけどな
"it will expand, evolve, influence perhaps the entire world.",拡大し 進化しようとする 回りを 巻き込む たぶん 全世界だ
this is... a curse slot.,これはカースロット
let go of me!,行こ
to raising the animals we'll eat.,食品対象動物を育てるために占めているし
"well, if he can't control himself, our operation on haqqani's fucked.",もし彼が 自分をコントロールできないのなら ハッカニの作戦は終わりよ
it could bring the arabic language back to being number one.,アラビア語が世界の第1言語に 返り咲くことができるかもしれません
five minutes to curtain!,開演五分前
then he isn't. right.,他に被害者について
"yes, yes.",それは結構...
you mixed up your knife and your toothbrush.,ナイフと歯ブラシ間違えてるよ
this sea is one that i know very well.,この海 よく知っている海だ
and what i don't understand is... how could you?,わしには理解できないのだ どうしてお前に出来たのか?
i gave your watch to my brother.,おまえの時計は兄貴にやったよ
deru goods carried in the mouth with a smile at people who are here.,でも ここにいる人たちが 笑顔で口に運んでる物。
we find our viewers are more interested in urban crime creeping into the suburbs.,郊外に忍び寄る 都市犯罪が良いの
and you don't need to worry.,それに 心配しなくても クリスマスっぽいもんなら➡
"easy bet. easy bet. they make this kick, you win.",彼らはいつもキックをする 君は負けるはずがない
"go around the back. the keys are under the bronze princess flowerpot, second in the back row!",鍵は 裏手回って 奥から2番目の ブロンズヒメの 鉢の下。
"and if you don't believe that, jack, if you can't believe that...",もし信じないなら... 信じられないというなら
that novel was perverted,見たろう?あの小説を
maybe you can tell me how he managed to split your happy little family in half.,どうやってヤツが幸せな仲間たちを 真っ二つにしたのか教えてくれよ
"have you got a bead on him, parameters?",誰かに狙いを定めたのか? 容疑者を絞り込んだのかな?
let's go!,行こっ!
you should see this.,見てくれ
i want to share all my love with you ...,全ての愛を君と分かち合いたいんだ
"abu nazir gives money to sabbaq, sabbaq hands money to you, you deposit the money in a swiss bank and use it to pay your bills.",アブ ナジールがサバクにカネを渡す それをサバクが貴方に それを貴方がスイスの銀行に預金
gave him this medicine which put him to sleep to so he wouldn't have an alibi,この薬を彼に与え 眠らせてアリバイをなくさせ
as long as it's only seven.,たった7つじゃないですか
"it just, you know, hurts when i breathe, that's all.",力を入れると痛むんだ
because this slide sort of tells the story the way science magazine thinks of it.,サイエンスマガジン誌の見方が表れています
he's got the card on him.,カードを持ってる。
"wait, wait. please.",wait wait please 待つ待つplease
i borrowed this camera from hiroshi.,ヒロシに借りといたデジカメが
i laid out the braddock file in consult room 2.,ブラドックのファイルは 第2診察室に 準備してあります
and is one kilometer away from the original temple,1kmほど離れた所に 秀吉の命によって再建されました
"hey, little fellow, are you showing us the way or just getting us more lost?","道案內をしてくれてるのか, 迷いこませる氣なのか."
what is a whitopia?,ホワイトピア(白人理想郷)って何でしょう?
thanks for the ticket.,チケット ありがとう
"how true, how true.",ねえホント ホント
i don't even want to ask.,なにしてるの?
"no! no, no, no. she's all gone.",いや もう安心
and we did.,だから やりました
i'm going to take sai to the hospital.,あの木の野郎 九尾のチャクラを吸ってやがる!
your cell phone.,電話はどこ?
"hey, we should get going.",おい もう行った方がいい
"you have the nyoibou, do you not?",ほえるな。 貴様ら どうせ 負け犬だ。
we work to promote healthy vibrant societies,私たちは 社会の活力を高め
"the bagura army wants the code crown, even if it means killing all of the digimon who live here!",バグラ軍のやつら 島のデジモンたちを 皆殺しにしてでも
first of all why did you even take off your clothes?!,大体 何で服を脱ぐの!?
and they support them around the diagnosis,薬の正しい服用の仕方
which is usually having vaginal intercourse,通常それは膣性交で —
your kid tried to hang himself and my kid needs help?,息子が首つったからって 俺の子が異常だって?
"you'll stay in touch, dr. oldman.",連絡のとれる所にいてください オールドマン先生
his name is raymond reddington.,名前は レイモンド・レディントン
lock that transmision.,通信装置無効にしろ
and never join us to drink.,違う違う。 旦那と けんかしてん。
that may even be why your father and i met by chance.,パパとママは そのために 出会ったのかもしれない
it is enlightened selfinterest for us to work with other countries.,他国と協力することは 賢明な自己の利益の為の行為でもあり
